Order_ID,Order_Date,Customer_Name,City,Category,Product,Segment,Quantity,Unit_Price,Sales,Profit,Customer_Age,Satisfaction,Unused_Column
ORD-1085,06/09/2025,Customer_53,pune,Electronics,Chair,Home Office,3,4999,14997,2815.08,23.0,2.0,
ORD-1087,08/30/2025,Customer_66,Mumbai,furniture,Keyboard,Home Office,7,2499,17493,4906.21,65.0,2.0,
ORD-1098,05/09/2025,Customer_46,Nagpur,Furniture,Headphones,Consumer,8,799,6392,698.65,54.0,3.0,
ORD-1116,11/16/2025,Customer_15,Nashik,furniture,Desk,Home Office,8,12999,103992,7778.04,59.0,5.0,
ORD-1030,2025-11-15,Customer_45,pune,Electronics,Chair,Home Office,9,4999,44991,3739.39,22.0,2.0,
ORD-1115,25-02-2025,Customer_9,Nagpur,office supplies,Monitor,Corporate,2,8999,17998,3636.93,26.0,3.0,
ORD-1079,13/08/2025,Customer_30,pune,Office Supplies,Headphones,Consumer,6,4999,29994,1693.65,61.0,5.0,
ORD-1082,2025-03-24,Customer_5,Nashik,furniture,Mouse,Home Office,5,12999,64995,16469.18,47.0,1.0,
ORD-1019,2025-01-04,Customer_43,pune,office supplies,Laptop,Home Office,4,799,3196,883.23,22.0,5.0,
ORD-1016,13-02-2025,Customer_22,Nagpur,Electronics,Keyboard,Home Office,3,24999,74997,21502.55,34.0,5.0,
ORD-1020,05/02/2025,Customer_61,mumbai,office supplies,Chair,Corporate,9,1299,11691,2698.73,33.0,4.0,
ORD-1013,17/05/2025,Customer_34,Nashik,Electronics,Headphones,Corporate,3,24999,N/A,3810.7,50.0,2.0,
ORD-1010,13/03/2025,Customer_52,Mumbai,office supplies,Desk,Home Office,10,12999,129990,35676.5,41.0,2.0,
ORD-1043,10/11/2025,Customer_1,PUNE,electronics,Headphones,Corporate,3,4999,14997,2272.33,,3.0,
ORD-1052,2025-08-01,Customer_49,Pune,electronics,Headphones,Corporate,10,499,4990,1318.27,48.0,1.0,
ORD-1070,2025-03-06,Customer_2,mumbai,Electronics,Desk,Consumer,3,24999,74997,5673.29,54.0,3.0,
ORD-1110,25-11-2025,Customer_27,Pune,Electronics,Chair,Corporate,3,2499,7497,503.44,55.0,2.0,
ORD-1137,2025-06-25,Customer_57,pune,Office Supplies,Keyboard,Home Office,1,2499,2499,567.04,51.0,5.0,
ORD-1066,04/24/2025,Customer_68,NASHIK,office supplies,Desk,Consumer,10,8999,89990,15146.68,40.0,,
ORD-1097,27/08/2025,Customer_39,mumbai,office supplies,Keyboard,Home Office,2,24999,49998,14314.87,58.0,4.0,
ORD-1076,08/29/2025,Customer_30,mumbai,Electronics,Desk,Consumer,5,24999,124995,8474.03,34.0,5.0,
ORD-1124,16/06/2025,Customer_35,pune,Electronics,Keyboard,Consumer,10,499,4990,1090.28,46.0,4.0,
ORD-1032,03/10/2025,Customer_44,mumbai,Electronics,Keyboard,Consumer,5,4999,24995,5029.18,31.0,3.0,
ORD-1067,2025-10-09,Customer_16,Nashik,Furniture,Mouse,Home Office,5,4999,24995,2820.71,64.0,2.0,
ORD-1056,23-05-2025,Customer_45,NASHIK,Furniture,Mouse,Consumer,1,499,499,149.69,32.0,1.0,
ORD-1031,09/07/2025,Customer_39,mumbai,electronics,Desk,Corporate,10,499,4990,1082.66,60.0,1.0,
ORD-1027,2025-09-18,Customer_32,pune,electronics,Monitor,Consumer,4,12999,51996,4158.21,55.0,5.0,
ORD-1132,2025-11-27,Customer_20,PUNE,electronics,Keyboard,Consumer,5,2499,12495,1166.72,59.0,1.0,
ORD-1136,25/10/2025,Customer_8,Pune,furniture,Chair,Home Office,6,24999,149994,26300.22,46.0,1.0,
ORD-1037,07/31/2025,Customer_14,Pune,electronics,Printer,Home Office,7,2499,17493,2041.46,42.0,1.0,
ORD-1114,2025-04-24,Customer_62,Pune,office supplies,Desk,Home Office,8,499,3992,260.3,43.0,4.0,
ORD-1095,11/07/2025,Customer_11,,electronics,Headphones,Consumer,10,1299,12990,1201.52,57.0,4.0,
ORD-1069,09/26/2025,Customer_2,mumbai,Electronics,Desk,Consumer,4,8999,35996,3414.59,63.0,5.0,
ORD-1023,04-04-2025,Customer_70,mumbai,furniture,Monitor,Consumer,8,799,6392,400.44,18.0,1.0,
ORD-1046,13/01/2025,Customer_25,Pune,electronics,Monitor,Corporate,8,12999,103992,28237.39,63.0,4.0,
ORD-1077,12-04-2025,Customer_10,NASHIK,Electronics,Chair,Home Office,unknown,4999,14997,3849.1,21.0,2.0,
ORD-1012,2025-07-17,Customer_15,NASHIK,Office Supplies,Desk,Corporate,9,499,4491,988.34,61.0,5.0,
ORD-1135,20/08/2025,Customer_65,Pune,Electronics,Desk,Corporate,2,799,1598,325.6,42.0,4.0,
ORD-1133,2025-04-01,Customer_41,Nagpur,furniture,Mouse,Home Office,10,8999,89990,23942.89,,4.0,
ORD-1129,08/08/2025,Customer_42,NASHIK,office supplies,Headphones,Home Office,5,799,3995,604.28,28.0,5.0,
ORD-1028,21/01/2025,Customer_41,pune,furniture,Printer,Home Office,5,2499,12495,2716.81,33.0,3.0,
ORD-1065,05/04/2025,Customer_3,NASHIK,furniture,Chair,Home Office,8,24999,199992,32407.43,23.0,3.0,
ORD-1143,27/09/2025,Customer_24,Pune,office supplies,Keyboard,Corporate,10,12999,129990,11512.33,62.0,5.0,
ORD-1128,14/09/2025,Customer_10,Nashik,Electronics,Laptop,Corporate,7,499,3493,576.13,38.0,5.0,
ORD-1005,10/02/2025,Customer_9,pune,furniture,Desk,Consumer,10,8999,89990,17488.48,20.0,2.0,
ORD-1033,09/16/2025,Customer_43,Nagpur,Furniture,Monitor,Consumer,7,4999,34993,2135.33,26.0,3.0,
ORD-1109,2025-07-08,Customer_59,Nashik,Electronics,Desk,Corporate,4,799,3196,918.06,23.0,2.0,
ORD-1091,03/06/2025,Customer_19,Nashik,Electronics,Monitor,Corporate,9,24999,224991,12112.82,44.0,2.0,
ORD-1105,2025-08-30,Customer_60,Pune,Office Supplies,Printer,Home Office,10,2499,24990,5295.71,62.0,3.0,
ORD-1017,11/07/2025,Customer_48,NASHIK,electronics,Chair,Home Office,5,12999,64995,19419.68,46.0,5.0,
ORD-1112,2025-02-26,Customer_34,Pune,electronics,Printer,Consumer,4,8999,35996,1941.81,21.0,2.0,
ORD-1011,2025-03-12,Customer_55,Nagpur,Electronics,Monitor,Consumer,3,1299,250000,65000.0,56.0,1.0,
ORD-1057,2025-01-21,Customer_61,Pune,electronics,Laptop,Consumer,10,1299,12990,1424.17,60.0,1.0,
ORD-1056,23-05-2025,Customer_45,NASHIK,Furniture,Mouse,Consumer,1,499,499,149.69,32.0,1.0,
ORD-1113,04-08-2025,Customer_14,pune,office supplies,Mouse,Consumer,8,8999,71992,12836.86,46.0,5.0,
ORD-1061,07/01/2025,Customer_56,NASHIK,furniture,Headphones,Consumer,6,24999,149994,34022.71,29.0,5.0,
ORD-1068,06/11/2025,Customer_36,pune,office supplies,Keyboard,Home Office,4,2499,9996,2345.57,64.0,5.0,
ORD-1102,01/08/2025,Customer_33,PUNE,electronics,Printer,Consumer,9,4999,44991,11590.5,,3.0,
ORD-1111,30/04/2025,Customer_70,Nashik,electronics,Laptop,Home Office,5,1299,6495,1928.25,34.0,2.0,
ORD-1025,07/19/2025,Customer_38,mumbai,furniture,Headphones,Corporate,9,24999,224991,19956.52,31.0,1.0,
ORD-1001,24/11/2025,Customer_14,pune,Electronics,Desk,Home Office,4,2499,9996,848.51,61.0,5.0,
ORD-1045,28-03-2025,Customer_29,pune,Furniture,Printer,Home Office,2,2499,4998,1090.56,30.0,2.0,
ORD-1149,11-07-2025,Customer_37,Mumbai,Electronics,Monitor,Corporate,6,1299,7794,657.81,48.0,2.0,
ORD-1029,22/07/2025,Customer_10,,office supplies,Desk,Home Office,8,8999,71992,20320.07,18.0,4.0,
ORD-1041,23-10-2025,Customer_9,Mumbai,Furniture,Headphones,Consumer,1,2499,2499,352.5,60.0,3.0,
ORD-1096,14-11-2025,Customer_59,Mumbai,furniture,Keyboard,Home Office,4,24999,99996,20946.78,34.0,1.0,
ORD-1026,2025-10-24,Customer_68,Pune,office supplies,Laptop,Corporate,1,24999,24999,4392.64,28.0,1.0,
ORD-1024,2025-05-02,Customer_22,PUNE,furniture,Mouse,Corporate,4,12999,51996,14330.65,42.0,1.0,
ORD-1142,06/24/2025,Customer_13,Nagpur,electronics,Keyboard,Consumer,3,799,2397,297.1,50.0,5.0,
ORD-1040,10/25/2025,Customer_66,mumbai,Electronics,Headphones,Consumer,6,8999,53994,8590.36,25.0,4.0,
ORD-1145,2025-05-03,Customer_37,mumbai,furniture,Printer,Consumer,10,24999,249990,41353.34,42.0,5.0,
ORD-1123,11/21/2025,Customer_21,Pune,Electronics,Chair,Home Office,7,12999,90993,14869.3,41.0,3.0,
ORD-1048,13-10-2025,Customer_57,Mumbai,Electronics,Keyboard,Corporate,8,8999,71992,20698.41,57.0,5.0,
ORD-1147,2025-09-22,Customer_19,pune,Furniture,Keyboard,Consumer,5,24999,124995,34539.44,45.0,1.0,
ORD-1119,2025-07-10,Customer_55,PUNE,Office Supplies,Printer,Consumer,2,12999,25998,3598.11,64.0,1.0,
ORD-1074,08/08/2025,Customer_27,mumbai,Office Supplies,Laptop,Home Office,10,799,7990,2292.31,58.0,2.0,
ORD-1034,2025-03-24,Customer_20,Nagpur,Office Supplies,Headphones,Home Office,9,499,4491,,52.0,1.0,
ORD-1094,21/11/2025,Customer_8,pune,furniture,Desk,Consumer,1,499,499,65.42,36.0,3.0,
ORD-1150,29/08/2025,Customer_20,Nagpur,Office Supplies,Monitor,Consumer,1,4999,4999,519.46,53.0,5.0,
ORD-1063,2025-05-05,Customer_42,Nagpur,Office Supplies,Headphones,Home Office,6,499,2994,519.69,29.0,4.0,
ORD-1083,11/06/2025,Customer_70,mumbai,Furniture,Headphones,Consumer,9,499,4491,962.94,47.0,4.0,
ORD-1086,28-02-2025,Customer_35,Nagpur,Electronics,Keyboard,Home Office,8,4999,39992,7087.3,44.0,4.0,
ORD-1054,22-06-2025,Customer_4,NASHIK,office supplies,Mouse,Consumer,3,499,1497,414.27,23.0,4.0,
ORD-1006,2025-05-29,Customer_47,pune,electronics,Headphones,Consumer,5,24999,124995,26114.09,,3.0,
ORD-1099,01/06/2025,Customer_64,Pune,office supplies,Desk,Corporate,1,499,499,138.55,36.0,2.0,
ORD-1106,29/07/2025,Customer_31,pune,electronics,Laptop,Consumer,5,24999,124995,9878.37,52.0,2.0,
ORD-1050,2025-11-17,Customer_41,Mumbai,,Monitor,Corporate,5,2499,12495,1473.52,52.0,1.0,
ORD-1036,2025-05-08,Customer_31,pune,Furniture,Headphones,Home Office,10,1299,12990,3655.92,28.0,2.0,
ORD-1081,10/27/2025,Customer_42,NASHIK,office supplies,Monitor,Corporate,8,8999,71992,10949.05,60.0,1.0,
ORD-1078,07/06/2025,Customer_65,mumbai,furniture,Mouse,Consumer,5,12999,64995,18567.06,52.0,4.0,
ORD-1035,07/09/2025,Customer_6,PUNE,furniture,Laptop,Consumer,5,8999,44995,12362.17,40.0,2.0,
ORD-1120,28-05-2025,Customer_14,mumbai,Furniture,Chair,Consumer,3,24999,74997,7954.27,40.0,,
ORD-1008,14-07-2025,Customer_5,mumbai,office supplies,Chair,Home Office,6,499,2994,321.14,38.0,4.0,
ORD-1044,04/18/2025,Customer_28,NASHIK,Office Supplies,Printer,Home Office,8,24999,199992,32106.71,50.0,4.0,
ORD-1071,08/29/2025,Customer_62,Nagpur,furniture,Keyboard,Corporate,1,4999,4999,1426.04,25.0,1.0,
ORD-1141,07-03-2025,Customer_40,pune,office supplies,Headphones,Home Office,9,8999,80991,4418.68,29.0,2.0,
ORD-1126,07-09-2025,Customer_39,mumbai,Electronics,Headphones,Consumer,10,499,4990,259.09,31.0,2.0,
ORD-1084,2025-01-28,Customer_17,Mumbai,Office Supplies,Mouse,Corporate,8,499,3992,402.75,36.0,4.0,
ORD-1138,11/09/2025,Customer_7,PUNE,Furniture,Desk,Corporate,7,12999,90993,22167.37,58.0,3.0,
ORD-1139,02/03/2025,Customer_20,Nashik,Electronics,Headphones,Home Office,5,4999,24995,5772.18,39.0,1.0,
ORD-1090,2025-04-30,Customer_20,NASHIK,Electronics,Mouse,Corporate,7,12999,90993,27034.34,49.0,1.0,
ORD-1009,18/05/2025,Customer_59,pune,electronics,Printer,Home Office,4,24999,99996,14890.2,27.0,3.0,
ORD-1014,2025-09-17,Customer_70,pune,office supplies,Chair,Corporate,3,8999,26997,6496.23,51.0,1.0,
ORD-1125,2025-09-06,Customer_15,Nagpur,furniture,Chair,Corporate,9,799,7191,980.08,36.0,5.0,
ORD-1140,26/10/2025,Customer_49,PUNE,Furniture,Headphones,Corporate,3,799,2397,305.37,59.0,3.0,
ORD-1004,21-04-2025,Customer_34,Nashik,Electronics,Headphones,Consumer,2,8999,17998,4713.2,20.0,4.0,
ORD-1018,20/08/2025,Customer_30,pune,electronics,Monitor,Consumer,6,499,2994,590.05,55.0,,
ORD-1039,2025-05-23,Customer_15,pune,Furniture,Headphones,Corporate,9,8999,80991,23066.99,34.0,2.0,
ORD-1073,02/03/2025,,NASHIK,Office Supplies,Chair,Home Office,9,12999,116991,19026.08,37.0,5.0,
ORD-1134,04-02-2025,Customer_10,Nagpur,furniture,Desk,Home Office,5,499,2495,344.27,37.0,4.0,
ORD-1007,2025-07-01,Customer_32,Mumbai,office supplies,Monitor,Corporate,10,1299,12990,2384.12,28.0,4.0,
ORD-1118,10/06/2025,Customer_12,mumbai,Furniture,Mouse,Consumer,2,799,1598,412.19,45.0,1.0,
ORD-1101,11/18/2025,Customer_12,Pune,Furniture,Laptop,Corporate,10,8999,89990,20975.76,36.0,3.0,
ORD-1003,10/07/2025,Customer_44,NASHIK,electronics,Desk,Corporate,1,1299,1299,291.67,35.0,2.0,
ORD-1064,19-04-2025,Customer_67,Nashik,Furniture,Desk,Corporate,10,4999,49990,9445.5,30.0,1.0,
ORD-1055,2025-03-11,Customer_42,Nagpur,electronics,Desk,Consumer,7,8999,62993,6482.93,39.0,4.0,
ORD-1108,28-07-2025,Customer_31,mumbai,Electronics,Printer,Home Office,4,24999,99996,,41.0,1.0,
ORD-1051,12/03/2025,Customer_43,PUNE,electronics,Keyboard,Corporate,4,799,3196,491.28,52.0,4.0,
ORD-1121,08/07/2025,Customer_35,pune,Furniture,Chair,Home Office,7,499,180000,42000.0,19.0,2.0,
ORD-1047,11/09/2025,Customer_67,NASHIK,electronics,Laptop,Consumer,2,12999,25998,2722.26,47.0,1.0,
ORD-1146,28-09-2025,Customer_48,NASHIK,electronics,Keyboard,Consumer,5,499,2495,524.69,53.0,1.0,
ORD-1062,05/19/2025,Customer_12,Nagpur,furniture,Desk,Corporate,6,2499,14994,3863.7,35.0,4.0,
ORD-1008,14-07-2025,Customer_5,mumbai,office supplies,Chair,Home Office,6,499,2994,321.14,38.0,4.0,
ORD-1080,10/28/2025,Customer_57,Pune,office supplies,Laptop,Corporate,3,24999,74997,13480.03,35.0,2.0,
ORD-1060,04/11/2025,Customer_9,pune,Office Supplies,Printer,Consumer,9,12999,116991,25197.56,50.0,3.0,
ORD-1092,02/08/2025,Customer_69,Nagpur,Furniture,Headphones,Corporate,2,8999,17998,4735.01,42.0,3.0,
ORD-1042,2025-11-16,Customer_42,Nashik,office supplies,Desk,Consumer,9,4999,44991,9750.59,43.0,3.0,
ORD-1127,05/11/2025,Customer_49,mumbai,Furniture,Laptop,Consumer,8,12999,103992,9767.31,52.0,2.0,
ORD-1059,02/25/2025,Customer_32,Pune,Furniture,Headphones,Home Office,7,2499,17493,1207.0,24.0,3.0,
ORD-1049,07-08-2025,Customer_36,Nagpur,electronics,Mouse,Home Office,8,4999,39992,9515.86,51.0,4.0,
ORD-1089,2025-10-03,Customer_31,Nagpur,Furniture,Headphones,Corporate,8,8999,N/A,19250.69,54.0,4.0,
ORD-1022,01/02/2025,Customer_58,NASHIK,office supplies,Monitor,Corporate,unknown,2499,9996,975.13,26.0,4.0,
ORD-1058,10/16/2025,Customer_15,Mumbai,furniture,Desk,Home Office,6,1299,7794,1570.28,28.0,3.0,
ORD-1148,24/04/2025,Customer_31,Nagpur,Furniture,Headphones,Consumer,1,12999,12999,2281.35,42.0,1.0,
ORD-1130,08/24/2025,Customer_68,Nashik,Electronics,Monitor,Corporate,4,12999,51996,10254.54,23.0,4.0,
ORD-1038,29-08-2025,Customer_25,Mumbai,electronics,Printer,Corporate,5,2499,N/A,1321.11,43.0,3.0,
ORD-1144,26-03-2025,Customer_58,Nagpur,Electronics,Printer,Corporate,4,24999,99996,20264.07,32.0,5.0,
ORD-1002,2025-02-14,Customer_4,NASHIK,Electronics,Monitor,Consumer,4,2499,9996,1762.68,53.0,2.0,
ORD-1053,06/30/2025,Customer_63,mumbai,furniture,Chair,Corporate,8,2499,19992,2363.73,19.0,4.0,
ORD-1131,08-06-2025,Customer_25,Nashik,electronics,Keyboard,Corporate,2,799,1598,291.88,40.0,3.0,
ORD-1104,2025-01-08,Customer_48,mumbai,Office Supplies,Mouse,Consumer,6,4999,29994,5883.02,24.0,2.0,
ORD-1100,2025-11-07,Customer_18,Nashik,electronics,Chair,Home Office,10,4999,49990,10969.86,58.0,1.0,
ORD-1117,04/21/2025,Customer_13,NASHIK,furniture,Headphones,Consumer,6,24999,149994,22451.48,38.0,4.0,
ORD-1088,02/05/2025,Customer_63,mumbai,furniture,Desk,Corporate,1,4999,4999,1157.33,27.0,4.0,
ORD-1075,16/05/2025,Customer_53,pune,electronics,Keyboard,Consumer,9,799,7191,640.96,46.0,5.0,
ORD-1122,05/20/2025,Customer_52,mumbai,Furniture,Laptop,Corporate,3,1299,3897,746.59,22.0,2.0,
ORD-1104,2025-01-08,Customer_48,mumbai,Office Supplies,Mouse,Consumer,6,4999,29994,5883.02,24.0,2.0,
ORD-1021,28-07-2025,Customer_7,Mumbai,Electronics,Headphones,Consumer,6,12999,77994,11915.58,61.0,1.0,
ORD-1072,25/07/2025,Customer_39,Nagpur,Electronics,Laptop,Home Office,3,1299,3897,985.11,23.0,2.0,
ORD-1107,07/18/2025,Customer_13,Nagpur,Furniture,Headphones,Home Office,10,1299,12990,3524.88,49.0,5.0,
ORD-1015,03-11-2025,Customer_31,Nashik,furniture,Monitor,Consumer,6,4999,29994,3295.23,54.0,1.0,
ORD-1093,11/17/2025,Customer_12,Nagpur,Office Supplies,Monitor,Consumer,4,4999,19996,5985.93,45.0,1.0,
ORD-1103,06/23/2025,Customer_47,pune,furniture,Keyboard,Consumer,4,12999,51996,15173.34,23.0,4.0,
